Event,Description,Timestamp
LED,,0:26.05
Talking Beg,,0:26.83
Talking End,,0:29.08
Clapper,[firstBeginning],0:29.70
Clapper,[firstEnding],0:35.09
Talking Beg,Task Description,0:36.88
Talking End,,0:44.74
Walk Beg,,0:44.77
Doorway,Double Door First Lobby,0:47.20
Doorway,[in2in] [open] [openDoorway] ,0:47.21
Pointing Beg,,0:47.33
Pointing End,,0:47.54
New Context Beg,[Hallway],0:47.81
Choice Point,[2option],0:47.83
Correct Turn Beg,[leftTurn] [nonforcedTurn],0:47.84
Correct Turn End,,0:48.74
Choice Point,[2option],0:49.87
Correct Turn Beg,[rightTurn] [nonforcedTurn],0:49.98
Correct Turn End,,0:51.02
LED,,0:56.04
Talking Beg,,1:4.23
Talking End,,1:5.15
Doorway,Single Door Near Security,1:5.32
Doorway,[in2in] [open] [openDoorway],1:5.32
Abnormal Beg,,1:9.29
Abnormal End,,1:13.44
Choice Point,[2option],1:13.88
Correct Turn Beg,[leftTurn] [forcedTurn],1:13.93
Correct Turn End,,1:15.04
Doorway,Door Leaving Semel,1:17.54
Outdoor Beg,,1:17.54
Doorway,[in2out] [closed] [patientOpens] [transparent],1:17.55
New Context End,,1:18.04
New Context Beg,[Sidewalk],1:18.05
Choice Point,[2option],1:21.96
Correct Turn Beg,[rightTurn] [nonforcedTurn],1:22.04
Correct Turn End,,1:22.86
New Context End,,1:23.21
New Context Beg,[Ramp],1:23.21
New Context End,,1:34.83
New Context Beg,[Sidewalk],1:34.83
Lost Beg,,1:35.53
Lost End,,1:36.58
New Context End,,1:41.33
New Context Beg,[Street],1:41.33
Lost Beg,,1:44.16
Talking Beg,,1:44.47
Lost End,,1:46.73
Talking End,,1:50.83
Choice Point,[2option],1:52.97
Correct Turn Beg,[rightTurn] [forcedTurn],1:52.97
Stare Beg,,1:53.85
New Context End,,1:55.17
New Context Beg,[Crosswalk],1:55.17
Stare End,,1:55.24
Correct Turn End,,1:56.79
New Context End,,2:0.02
New Context Beg,[Sidewalk],2:0.02
Talking Beg,,2:3.05
Talking End,,2:5.44
Choice Point,[3option],2:16.03
Correct Turn Beg,[rightTurn] [nonforcedTurn],2:16.04
Pointing Beg,,2:17.88
Correct Turn End,,2:18.07
Pointing End,,2:18.21
New Context End,,2:19.58
New Context Beg,[Ramp],2:19.59
Talking Beg,,2:30.24
Pointing Beg,,2:32.75
Pointing End,,2:32.94
Abnormal Beg,,2:33.80
Talking End,,2:34.20
Talking Beg,,2:36.32
Outdoor End,,2:37.32
Doorway,Door entering Public Health,2:37.32
Doorway,[out2in] [open] [openDoorway],2:37.33
New Context End,,2:37.37
New Context Beg,[Lobby],2:37.37
Talking End,,2:38.07
New Context End,,2:41.19
New Context Beg,[ElevatorLobby],2:41.19
Stare Beg,,2:41.84
Stare End,,2:43.21
Abnormal End,,2:43.21
Abnormal Beg,,2:43.82
Doorway,[in2in] [open] [hallwayTransition],2:44.48
Doorway,Transition threshold Public Health Lobby to Hallway,2:44.49
New Context End,,2:45.97
New Context Beg,[Hallway],2:45.97
Abnormal End,,2:53.51
Doorway,Transition threshold Hallway to Long Corridor Area,2:54.49
Doorway,[in2in] [open] [hallwayTransition],2:54.49
Choice Point,[3option],2:56.62
Correct Turn Beg,[leftTurn] [nonforcedTurn],2:56.80
LED,,2:57.02
Abnormal Beg,,2:57.98
Correct Turn End,,2:58.13
Abnormal End,,3:1.49
Doorway,Double door first long hallway,3:3.94
Doorway,[in2in] [open] [openDoorway],3:3.94
Doorway,Double door second long hallway,3:11.78
Doorway,[in2in] [open] [openDoorway],3:11.78
Doorway,[in2in] [open] [hallwayTransition],3:15.12
Doorway,Transition Long Hallway to Long Hallway,3:15.12
Choice Point,[2option],3:20.17
Incorrect Turn Beg,,3:20.30
Lost Beg,,3:20.30
Talking Beg,,3:21.98
Incorrect Turn End,,3:22.02
Lost End,,3:22.02
Talking End,,3:25.13
LED,,3:28.03
Talking Beg,,3:32.53
Talking End,,3:33.93
Abnormal Beg,,3:34.82
Abnormal End,,3:35.95
Choice Point,[2option],3:37.86
Choice Point,[3option],3:44.88
Doorway,[in2in] [closed] [patientOpens] [opaque],3:48.87
Doorway,Double Door entering dental school hallway,3:48.87
LED,,3:58.03
Doorway,[in2in] [open] [openDoorway],3:59.64
Doorway,Transition door frame between dental school hallway and elevator lobby,3:59.64
Choice Point,[2option],4:1.06
Correct Turn Beg,[rightTurn] [nonforcedTurn],4:1.09
Abnormal Beg,,4:1.51
New Context End,,4:1.89
New Context Beg,[ElevatorLobby],4:1.89
Correct Turn End,,4:2.13
Abnormal End,,4:2.31
Abnormal Beg,,4:5.40
Stare Beg,,4:5.45
New Context End,,4:5.71
New Context Beg,[OutsideCourtyard],4:5.71
Doorway,[in2out] [closed] [automaticDoor] [transparent],4:5.72
Choice Point,[2option],4:5.72
Outdoor Beg,,4:5.72
Doorway,Automatic sliding door from Dental School to Outside,4:5.72
Stare End,,4:5.82
Abnormal End,,4:5.82
Correct Turn Beg,[rightTurn] [nonforcedTurn],4:6.53
Correct Turn End,,4:7.38
Doorway,[out2in] [closed] [patientOpens] [transparent],4:22.01
Doorway,Double door entering crossing hallway,4:22.02
Outdoor End,,4:22.02
New Context End,,4:22.06
New Context Beg,[Hallway],4:22.06
Choice Point,[3option],4:23.23
Talking Beg,,4:26.88
Stare Beg,,4:26.88
Abnormal Beg,,4:26.88
LED,,4:28.02
Doorway,[in2out] [open] [openDoorway],4:28.12
Doorway,Double door entering small courtyard (Open),4:28.12
Outdoor Beg,,4:28.12
New Context End,,4:28.13
New Context Beg,[OutsideCourtyard],4:28.13
Stare End,,4:29.12
Abnormal End,,4:29.12
Talking End,,4:29.12
Abnormal Beg,,4:38.83
Held Door Beg,,4:41.22
Held Door End,,4:41.81
Outdoor End,,4:41.88
Doorway,Double Door entering med school elevator lobby from small courtyard,4:41.88
New Context End,,4:41.88
Doorway,[out2in] [open] [heldDoor],4:41.88
New Context Beg,[ElevatorLobby],4:41.88
Choice Point,[3option],4:43.37
Abnormal End,,4:43.91
Pointing Beg,,4:44.49
Pointing End,,4:44.64
Choice Point,[2option],4:48.82
Doorway,Double Door exiting med school elevator lobby to yellow picnic table area,4:51.82
Outdoor Beg,,4:51.82
Doorway,[in2out] [closed] [patientOpens] [transparent],4:51.83
New Context End,,4:51.88
New Context Beg,[Sidewalk],4:51.88
LED,,4:59.02
Choice Point,[3option],5:3.53
Correct Turn Beg,[leftTurn] [forcedTurn],5:3.67
Correct Turn End,,5:5.96
New Context End,,5:6.81
New Context Beg,[Lobby],5:6.81
Outdoor End,,5:6.90
Doorway,Automatic sliding door from picnic area to inside pediatric hallway,5:6.90
Doorway,[out2in] [open] [openDoorway],5:6.90
Choice Point,[2option],5:6.99
Correct Turn Beg,[leftTurn] [forcedTurn],5:7.05
New Context End,,5:8.68
New Context Beg,[Hallway],5:8.68
Correct Turn End,,5:8.74
Doorway,Transition threshold pediatric area to blank hallway,5:8.91
Doorway,[in2in] [open] [hallwayTransition],5:8.92
Doorway,[in2in] [open] [openDoorway],5:19.34
Doorway,Double door entering lobby area near redrock photo,5:19.35
New Context End,,5:20.59
New Context Beg,[Lobby],5:20.59
Choice Point,[2option],5:20.62
Correct Turn Beg,[rightTurn] [nonforcedTurn],5:20.62
Correct Turn End,,5:21.52
New Context End,,5:23.82
New Context Beg,[OutsideCourtyard],5:23.82
Doorway,[in2out] [closed] [automaticDoor] [transparent],5:23.85
Outdoor Beg,,5:23.86
Doorway,Automatic sliding door lobby area near redrock photo to near botanical garden,5:23.86
LED,,5:28.99
New Context End,,5:39.28
New Context Beg,[Sidewalk],5:39.28
New Context End,,5:53.38
New Context Beg,[ParkingLot],5:53.38
Doorway,[out2out] [parkingTransition],5:53.62
Doorway,Transition Side walk to Parking lot,5:53.62
LED,,5:58.98
Choice Point,[2option],6:7.64
Correct Turn Beg,[rightTurn] [forcedTurn],6:7.76
Correct Turn End,,6:10.47
New Context End,,6:11.45
New Context Beg,[Sidewalk],6:11.45
Doorway,[out2out] [sidewalkTransition],6:11.63
Doorway,Transition from Parking Lot to Sidewalk,6:11.63
New Context End,,6:14.85
New Context Beg,[Stairs],6:14.85
Doorway,[out2out] [stairsTransition],6:15.38
Doorway,Transition from sidewalk to going up stairs,6:15.38
New Context End,,6:15.92
New Context Beg,[Sidewalk],6:15.92
New Context End,,6:25.20
New Context Beg,[Stairs],6:25.20
Doorway,[out2out] [stairsTransition],6:25.87
Doorway,Transition from sidewalk to going down stairs,6:25.87
New Context End,,6:27.48
New Context Beg,[OutsideCourtyard],6:27.48
Choice Point,[2option],6:28.16
LED,,6:29.99
Choice Point,[2option],6:57.90
Correct Turn Beg,[rightTurn] [forcedTurn],6:57.95
Correct Turn End,,6:59.47
LED,,6:59.99
Choice Point,[2option],7:8.68
Correct Turn Beg,[leftTurn] [nonforcedTurn],7:8.73
Doorway,Transition from Courtyard sidewalk to Marble sidewalk,7:10.91
Doorway,[out2out] [sidewalkTransition],7:10.92
Correct Turn End,,7:11.15
New Context End,,7:18.65
New Context Beg,[OpenCorridor],7:18.65
Doorway,Transition from Column area to sidewalk,7:29.80
Doorway,[out2out] [sidewalkTransition],7:29.80
Choice Point,[3option],7:33.08
Correct Turn Beg,[rightTurn] [forcedTurn],7:33.10
Correct Turn End,,7:34.22
New Context End,,7:35.59
New Context Beg,[OutsideCourtyard],7:35.60
Choice Point,[2option],7:41.23
Correct Turn Beg,[leftTurn] [nonforcedTurn],7:41.25
New Context End,,7:43.23
New Context Beg,[Stairs],7:43.23
Correct Turn End,,7:43.92
Doorway,[out2out] [open] [stairsTransition],7:44.27
Doorway,[out2out] [stairsTransition],7:44.27
Doorway,Transition from Spitzer Plaza area to going up stairs,7:44.27
Doorway,Automatic sliding door Spitzer Plaza to elevator lobby CHS main entrance,7:51.02
Outdoor End,,7:51.02
Doorway,[out2in] [closed] [automaticDoor] [transparent],7:51.02
New Context End,,7:51.05
New Context Beg,[IndoorCourtyard],7:51.06
Doorway,[in2in] [closed] [automaticDoor] [transparent],7:56.77
Doorway,Automatic sliding door elevator lobby CHS main entrance to CHS main lobby ,7:56.77
New Context End,,7:56.84
New Context Beg,[Lobby],7:56.84
LED,,8:0.99
Choice Point,[2option],8:8.28
Correct Turn Beg,[leftTurn] [forcedTurn],8:8.39
New Context End,,8:9.78
New Context Beg,[Hallway],8:9.78
Correct Turn End,,8:9.94
Choice Point,[2option],8:19.67
Doorway,[in2in] [open] [openDoorway],8:31.84
Doorway,Double door leaving CHS and entering Semel,8:31.85
Walk End,,8:46.59
Clapper,[lastBeginning],8:53.69
Clapper,[lastEnding],8:56.33
LED,,8:58.44
