Event,Description,Timestamp
LED,,0:52.10
Talking Beg,,0:53.67
Talking End,,0:58.17
Clapper,[firstBeginning],0:59.40
Clapper,[firstEnding],1:10.18
Talking Beg,Task Description,1:13.75
Talking End,,1:29.48
Walk Beg,,1:29.55
Doorway,Double Door First Lobby,1:34.40
Doorway,[in2in] [open] [openDoorway] ,1:34.42
Pointing Beg,,1:34.65
Pointing End,,1:35.08
New Context Beg,[Hallway],1:35.62
Choice Point,[2option],1:35.65
Correct Turn Beg,[leftTurn] [nonforcedTurn],1:35.68
Correct Turn End,,1:37.48
Choice Point,[2option],1:39.73
Correct Turn Beg,[rightTurn] [nonforcedTurn],1:39.95
Correct Turn End,,1:42.03
LED,,1:52.08
Talking Beg,,2:8.47
Talking End,,2:10.30
Doorway,Single Door Near Security,2:10.63
Doorway,[in2in] [open] [openDoorway],2:10.63
Abnormal Beg,,2:18.58
Abnormal End,,2:26.88
Choice Point,[2option],2:27.77
Correct Turn Beg,[leftTurn] [forcedTurn],2:27.87
Correct Turn End,,2:30.08
Doorway,Door Leaving Semel,2:35.08
Outdoor Beg,,2:35.08
Doorway,[in2out] [closed] [patientOpens] [transparent],2:35.10
New Context End,,2:36.08
New Context Beg,[Sidewalk],2:36.10
Choice Point,[2option],2:43.92
Correct Turn Beg,[rightTurn] [nonforcedTurn],2:44.08
Correct Turn End,,2:45.72
New Context End,,2:46.42
New Context Beg,[Ramp],2:46.42
New Context End,,3:9.65
New Context Beg,[Sidewalk],3:9.65
Lost Beg,,3:11.07
Lost End,,3:13.17
New Context End,,3:22.67
New Context Beg,[Street],3:22.67
Lost Beg,,3:28.32
Talking Beg,,3:28.95
Lost End,,3:33.47
Talking End,,3:41.67
Choice Point,[2option],3:45.93
Correct Turn Beg,[rightTurn] [forcedTurn],3:45.95
Stare Beg,,3:47.70
New Context End,,3:50.35
New Context Beg,[Crosswalk],3:50.35
Stare End,,3:50.48
Correct Turn End,,3:53.58
New Context End,,4:0.03
New Context Beg,[Sidewalk],4:0.03
Talking Beg,,4:6.10
Talking End,,4:10.88
Choice Point,[3option],4:32.05
Correct Turn Beg,[rightTurn] [nonforcedTurn],4:32.08
Pointing Beg,,4:35.75
Correct Turn End,,4:36.15
Pointing End,,4:36.42
New Context End,,4:39.17
New Context Beg,[Ramp],4:39.18
Talking Beg,,5:0.48
Pointing Beg,,5:5.50
Pointing End,,5:5.88
Abnormal Beg,,5:7.60
Talking End,,5:8.40
Talking Beg,,5:12.63
Outdoor End,,5:14.65
Doorway,Door entering Public Health,5:14.65
Doorway,[out2in] [open] [openDoorway],5:14.67
New Context End,,5:14.73
New Context Beg,[Lobby],5:14.73
Talking End,,5:16.13
New Context End,,5:22.38
New Context Beg,[ElevatorLobby],5:22.38
Stare Beg,,5:23.68
Stare End,,5:26.42
Abnormal End,,5:26.42
Abnormal Beg,,5:27.65
Doorway,[in2in] [open] [hallwayTransition],5:28.97
Doorway,Transition threshold Public Health Lobby to Hallway,5:28.98
New Context End,,5:31.93
New Context Beg,[Hallway],5:31.95
Abnormal End,,5:47.02
Doorway,Transition threshold Hallway to Long Corridor Area,5:48.98
Doorway,[in2in] [open] [hallwayTransition],5:48.98
Choice Point,[3option],5:53.23
Correct Turn Beg,[leftTurn] [nonforcedTurn],5:53.60
LED,,5:54.03
Abnormal Beg,,5:55.97
Correct Turn End,,5:56.27
Abnormal End,,6:2.98
Doorway,Double door first long hallway,6:7.88
Doorway,[in2in] [open] [openDoorway],6:7.88
Doorway,Double door second long hallway,6:23.55
Doorway,[in2in] [open] [openDoorway],6:23.55
Doorway,[in2in] [open] [hallwayTransition],6:30.25
Doorway,Transition Long Hallway to Long Hallway,6:30.25
Choice Point,[2option],6:40.33
Incorrect Turn Beg,,6:40.60
Lost Beg,,6:40.60
Talking Beg,,6:43.97
Incorrect Turn End,,6:44.03
Lost End,,6:44.03
Talking End,,6:50.27
LED,,6:56.05
Talking Beg,,7:5.07
Talking End,,7:7.87
Abnormal Beg,,7:9.63
Abnormal End,,7:11.90
Choice Point,[2option],7:15.72
Choice Point,[3option],7:29.77
Doorway,[in2in] [closed] [patientOpens] [opaque],7:37.73
Doorway,Double Door entering dental school hallway,7:37.73
LED,,7:56.07
Doorway,[in2in] [open] [openDoorway],7:59.28
Doorway,Transition door frame between dental school hallway and elevator lobby,7:59.28
Choice Point,[2option],8:2.12
Correct Turn Beg,[rightTurn] [nonforcedTurn],8:2.18
Abnormal Beg,,8:3.02
New Context End,,8:3.78
New Context Beg,[ElevatorLobby],8:3.78
Correct Turn End,,8:4.27
Abnormal End,,8:4.62
Abnormal Beg,,8:10.80
Stare Beg,,8:10.90
New Context End,,8:11.42
New Context Beg,[OutsideCourtyard],8:11.42
Doorway,[in2out] [closed] [automaticDoor] [transparent],8:11.43
Choice Point,[2option],8:11.43
Outdoor Beg,,8:11.45
Doorway,Automatic sliding door from Dental School to Outside,8:11.45
Stare End,,8:11.63
Abnormal End,,8:11.63
Correct Turn Beg,[rightTurn] [nonforcedTurn],8:13.07
Correct Turn End,,8:14.77
Doorway,[out2in] [closed] [patientOpens] [transparent],8:44.02
Doorway,Double door entering crossing hallway,8:44.03
Outdoor End,,8:44.03
New Context End,,8:44.12
New Context Beg,[Hallway],8:44.12
Choice Point,[3option],8:46.45
Talking Beg,,8:53.77
Stare Beg,,8:53.77
Abnormal Beg,,8:53.77
LED,,8:56.05
Doorway,[in2out] [open] [openDoorway],8:56.23
Doorway,Double door entering small courtyard (Open),8:56.25
Outdoor Beg,,8:56.25
New Context End,,8:56.27
New Context Beg,[OutsideCourtyard],8:56.27
Stare End,,8:58.23
Abnormal End,,8:58.23
Talking End,,8:58.23
Abnormal Beg,,9:17.67
Held Door Beg,,9:22.43
Held Door End,,9:23.62
Outdoor End,,9:23.75
Doorway,Double Door entering med school elevator lobby from small courtyard,9:23.75
New Context End,,9:23.77
Doorway,[out2in] [open] [heldDoor],9:23.77
New Context Beg,[ElevatorLobby],9:23.77
Choice Point,[3option],9:26.73
Abnormal End,,9:27.82
Pointing Beg,,9:28.98
Pointing End,,9:29.28
Choice Point,[2option],9:37.65
Doorway,Double Door exiting med school elevator lobby to yellow picnic table area,9:43.65
Outdoor Beg,,9:43.65
Doorway,[in2out] [closed] [patientOpens] [transparent],9:43.67
New Context End,,9:43.75
New Context Beg,[Sidewalk],9:43.75
LED,,9:58.05
Choice Point,[3option],10:7.07
Correct Turn Beg,[leftTurn] [forcedTurn],10:7.33
Correct Turn End,,10:11.92
New Context End,,10:13.62
New Context Beg,[Lobby],10:13.62
Outdoor End,,10:13.80
Doorway,Automatic sliding door from picnic area to inside pediatric hallway,10:13.80
Doorway,[out2in] [open] [openDoorway],10:13.80
Choice Point,[2option],10:13.98
Correct Turn Beg,[leftTurn] [forcedTurn],10:14.10
New Context End,,10:17.35
New Context Beg,[Hallway],10:17.35
Correct Turn End,,10:17.48
Doorway,Transition threshold pediatric area to blank hallway,10:17.82
Doorway,[in2in] [open] [hallwayTransition],10:17.83
Doorway,[in2in] [open] [openDoorway],10:38.68
Doorway,Double door entering lobby area near redrock photo,10:38.70
New Context End,,10:41.18
New Context Beg,[Lobby],10:41.18
Choice Point,[2option],10:41.25
Correct Turn Beg,[rightTurn] [nonforcedTurn],10:41.25
Correct Turn End,,10:43.03
New Context End,,10:47.63
New Context Beg,[OutsideCourtyard],10:47.63
Doorway,[in2out] [closed] [automaticDoor] [transparent],10:47.70
Outdoor Beg,,10:47.72
Doorway,Automatic sliding door lobby area near redrock photo to near botanical garden,10:47.72
LED,,10:57.98
New Context End,,11:18.57
New Context Beg,[Sidewalk],11:18.57
New Context End,,11:46.75
New Context Beg,[ParkingLot],11:46.75
Doorway,[out2out] [parkingTransition],11:47.25
Doorway,Transition Side walk to Parking lot,11:47.25
LED,,11:57.97
Choice Point,[2option],12:15.28
Correct Turn Beg,[rightTurn] [forcedTurn],12:15.52
Correct Turn End,,12:20.93
New Context End,,12:22.90
New Context Beg,[Sidewalk],12:22.90
Doorway,[out2out] [sidewalkTransition],12:23.27
Doorway,Transition from Parking Lot to Sidewalk,12:23.27
New Context End,,12:29.70
New Context Beg,[Stairs],12:29.70
Doorway,[out2out] [stairsTransition],12:30.77
Doorway,Transition from sidewalk to going up stairs,12:30.77
New Context End,,12:31.83
New Context Beg,[Sidewalk],12:31.83
New Context End,,12:50.40
New Context Beg,[Stairs],12:50.40
Doorway,[out2out] [stairsTransition],12:51.73
Doorway,Transition from sidewalk to going down stairs,12:51.73
New Context End,,12:54.95
New Context Beg,[OutsideCourtyard],12:54.95
Choice Point,[2option],12:56.32
LED,,12:59.98
Choice Point,[2option],13:55.80
Correct Turn Beg,[rightTurn] [forcedTurn],13:55.90
Correct Turn End,,13:58.93
LED,,13:59.98
Choice Point,[2option],14:17.37
Correct Turn Beg,[leftTurn] [nonforcedTurn],14:17.47
Doorway,Transition from Courtyard sidewalk to Marble sidewalk,14:21.82
Doorway,[out2out] [sidewalkTransition],14:21.83
Correct Turn End,,14:22.30
New Context End,,14:37.30
New Context Beg,[OpenCorridor],14:37.30
Doorway,Transition from Column area to sidewalk,14:59.60
Doorway,[out2out] [sidewalkTransition],14:59.60
Choice Point,[3option],15:6.17
Correct Turn Beg,[rightTurn] [forcedTurn],15:6.20
Correct Turn End,,15:8.43
New Context End,,15:11.18
New Context Beg,[OutsideCourtyard],15:11.20
Choice Point,[2option],15:22.45
Correct Turn Beg,[leftTurn] [nonforcedTurn],15:22.50
New Context End,,15:26.47
New Context Beg,[Stairs],15:26.47
Correct Turn End,,15:27.83
Doorway,[out2out] [open] [stairsTransition],15:28.53
Doorway,[out2out] [stairsTransition],15:28.53
Doorway,Transition from Spitzer Plaza area to going up stairs,15:28.55
Doorway,Automatic sliding door Spitzer Plaza to elevator lobby CHS main entrance,15:42.03
Outdoor End,,15:42.03
Doorway,[out2in] [closed] [automaticDoor] [transparent],15:42.03
New Context End,,15:42.10
New Context Beg,[IndoorCourtyard],15:42.12
Doorway,[in2in] [closed] [automaticDoor] [transparent],15:53.53
Doorway,Automatic sliding door elevator lobby CHS main entrance to CHS main lobby ,15:53.53
New Context End,,15:53.68
New Context Beg,[Lobby],15:53.68
LED,,16:1.98
Choice Point,[2option],16:16.57
Correct Turn Beg,[leftTurn] [forcedTurn],16:16.78
New Context End,,16:19.57
New Context Beg,[Hallway],16:19.57
Correct Turn End,,16:19.88
Choice Point,[2option],16:39.33
Doorway,[in2in] [open] [openDoorway],17:3.68
Doorway,Double door leaving CHS and entering Semel,17:3.70
Walk End,,17:33.18
Clapper,[lastBeginning],17:47.38
Clapper,[lastEnding],17:52.65
LED,,17:56.88
